input_data_set, R2 score, dynamic_score
536, 0.7428571428571429, 0.8999417647627684
