variables ,d_X_0
X_0,575.930197
X_1,-150.42941
X_2,-398.30524
X_3,-15.778243
X_4,-7.7106427
X_5,135.125333
X_6,-103.03323
X_7,-209.33645
