variables ,d_X_0
X_0,4214.88311
X_1,1024.32109
X_2,-2043.9161
X_3,-606.74140
X_4,-535.00863
X_5,-1102.6164
X_6,97.3679174
X_7,2883.82828
 